{"batch_size":2,"layer_sizes":[2,3,4,2,3,1],"loss":0.0000027918527,"loss_train":[0.2532356,0.25235194,0.24968798,0.17285714,0.02029986,0.0038055915,0.0014224999,0.00082266284,0.00049577135,0.000338114,0.00025754166,0.00017671613,0.00014278601,0.00013537242,0.00013713667,0.000100193225,0.000094203424,0.000083443476,0.00007738828,0.000071379036,0.000060802562,0.000056057648,0.000052821517,0.00005195139,0.00005289918,0.000053067684,0.00005251953,0.000051689905,0.000050806862,0.000049737875,0.000048374033,0.00004682235,0.000045215216,0.000043739128,0.000042348944,0.000041074567,0.00003987281,0.000038740982,0.00003766321,0.00003664576,0.000035672703,0.00003469929,0.0000337411,0.000032780652,0.000031778032,0.00003072093,0.000029607549,0.00002846145,0.000027295971,0.000026124939,0.000024986854,0.000023893797,0.00002282923,0.000021781258,0.000020754362,0.000019745168,0.000018759623,0.000017835524,0.000017001603,0.000016246746,0.0000155675,0.000014936623,0.0000143257175,0.000013791372,0.000013347858,0.000012980524,0.000012679122,0.0000124310645,0.0000122267265,0.000012024968,0.000011838057,0.000011668058,0.000011503061,0.000011346614,0.000011197378,0.000011051279,0.000010914533,0.0000107760625,0.000010638834,0.000010510695,0.000010382975,0.000010248088,0.000010110315,0.000009975908,0.000009843124,0.000009715522,0.000009592415,0.000009471961,0.000009351376,0.0000092297505,0.000009117469,0.000009010243,0.000008903953,0.000008801389,0.000008703068,0.000008609372,0.000008515726,0.000008419884,0.000008337017,0.000008257669,0.000008188385,0.000008127984,0.000008071103,0.000008030648,0.000008005425,0.0000079950005,0.0000080091295,0.000008035296,0.000008065594,0.000008124034,0.000008189851,0.000008258612,0.000008351303,0.000008450819,0.000008570885,0.000008721784,0.000008884906,0.000009113155,0.000009375416,0.000009681117,0.000010049315,0.000010475832,0.000011028039,0.0000116632145,0.000012346049,0.00001311983,0.00001393749,0.000014855809,0.000015846574,0.000016711962,0.000017382374,0.000017840353,0.00001834163,0.000018689456,0.00001903522,0.000019353822,0.000019616966,0.000019834528,0.00001999792,0.000020159283,0.000020269688,0.000020339314,0.000020388778,0.000020436855,0.000020480635,0.000020541209,0.000020516833,0.000020511396,0.000021315296,0.00006434667,0.000057923466,0.000051451087,0.000046752815,0.000042429023,0.000038421367,0.000034658842,0.000031403364,0.00002839931,0.000025705544,0.00002405891,0.000023067232,0.00002292495,0.00002303809,0.000023179162,0.000023369574,0.000023470526,0.00002345839,0.00002338594,0.00002314548,0.0000228467,0.000022553955,0.000022187041,0.000021804459,0.00002133663,0.000020788471,0.000020281323,0.000019710704,0.000019141196,0.00001852921,0.000017940612,0.00001740261,0.00001686616,0.000016396003,0.000015844109,0.000015181811,0.000014531994,0.000013919273,0.000013355051,0.00001274574,0.000012171008,0.000011639071,0.000011176945,0.000010712907,0.000010239604,0.000009772407,0.000009359328,0.0000089532,0.000008586734,0.000008285746,0.000008027746,0.0000077828545,0.0000075470766,0.0000073145384,0.0000070866386,0.0000068858685,0.0000066802872,0.0000064846554,0.0000062989,0.000006114199,0.000005942646,0.0000057728043,0.0000056144154,0.0000054550383,0.0000053156227,0.0000051822362,0.000005050469,0.0000049305277,0.00000481802,0.000004708471,0.0000045810193,0.0000044541894,0.0000043250693,0.000004196958,0.000004085362,0.0000039691545,0.000003848838,0.0000037230957,0.0000036475956,0.0000035679848,0.0000034891427,0.0000034126053,0.000003336749,0.0000032614273,0.0000031943537,0.0000031340737,0.0000030760216,0.0000030218723,0.0000029614516,0.0000028945758,0.0000028495733,0.0000028006148,0.0000027532199,0.0000027190747,0.0000026800203,0.0000026101197,0.0000025463187,0.0000024949677,0.0000024267329,0.0000023649154,0.0000023006846,0.0000022345841,0.000002167956,0.0000020997686,0.0000020412253,0.000001980541,0.0000019349552,0.0000019029144,0.0000018771358,0.0000018556203,0.0000018368197,0.0000018213732,0.000001806628,0.0000017978715,0.0000017924996,0.0000017870344,0.000001778429,0.0000017711021,0.0000017667364,0.0000017610636,0.0000017502134,0.0000017360154,0.0000017253104,0.0000017169913,0.0000017038604,0.0000016938496,0.000001684582,0.0000016747596,0.0000016667975,0.0000016620277,0.0000016553107,0.0000016506598,0.0000016461979,0.0000016410712,0.0000016313375,0.0000016277651,0.0000016241264,0.0000016187735,0.0000016144451,0.0000016111653,0.0000016080717,0.0000016051143,0.0000016017556,0.0000015986545,0.0000015958017,0.0000015968089,0.0000016009482,0.0000016054034,0.000001610123,0.0000016153818,0.0000016205335,0.0000016256241,0.0000016330464,0.0000016418365,0.0000016511258,0.0000016616414,0.0000016723053,0.0000016838986,0.000001695462,0.0000017074885,0.0000017212693,0.0000017350782,0.0000017503913,0.0000017649992,0.0000017804504,0.0000017954532,0.0000018048141,0.0000018156801,0.0000018247383,0.0000018401216,0.0000018525543,0.0000018627148,0.0000018749706,0.0000018879196,0.0000019014191,0.0000019155561,0.000001928594,0.000001943874,0.0000019593074,0.0000019757338,0.0000019949903,0.0000020220532,0.0000020420928,0.0000020651485,0.0000020912535,0.000002117552,0.0000021453063,0.0000021789456,0.0000022140412,0.0000022608556,0.0000023193381,0.000002388415,0.000002459417,0.0000025400334,0.0000026313044,0.0000027268575,0.0000028390712,0.0000029667535,0.0000031083862,0.0000032554806,0.0000034374714,0.0000036414822,0.0000038848957,0.000004221385,0.0000046374917,0.0000053115205,0.000006216397,0.0000075862795,0.000009452516,0.000010465945,0.000010609938,0.000008699539,0.0000069590265,0.0000058198702,0.0000050161602,0.000004431923,0.0000040564782,0.000003774571,0.0000035650392,0.0000034016791,0.000003276576,0.0000032044488,0.0000031360426,0.0000030879728,0.000003051135,0.0000030170058,0.0000029943396,0.0000029795112,0.0000029694488,0.000002973606,0.0000029783043,0.0000029970402,0.0000030188455,0.0000030449733,0.0000030732697,0.0000031044954,0.0000031398897,0.0000031671002,0.0000032122207,0.0000032641397,0.0000033202182,0.0000033831977,0.0000034354825,0.0000035045375,0.000003580705,0.0000036473423,0.0000037211753,0.000003793736,0.0000038442936,0.0000038792223,0.0000038979224,0.000003945201,0.0000039668284,0.0000039882575,0.000003974793,0.000003965123,0.0000039169418,0.000003898321,0.0000038372127,0.0000037641291,0.0000037029374,0.00000361115,0.0000035208966,0.000003442946,0.000003379083,0.0000033099122,0.0000032508135,0.0000032064443,0.0000031643312,0.0000031172206,0.0000030917884,0.0000030388906,0.0000029994505,0.000002972409,0.0000029540365,0.0000029380153,0.000002925979,0.0000029120224,0.000002901873,0.000002891864,0.0000028847546,0.0000028767695,0.0000028627255,0.0000028517297,0.0000028532818,0.000002850695,0.0000028430682,0.0000028463776,0.0000028497436,0.0000028651455,0.000002878528,0.0000028879904,0.0000029071953,0.0000029476514,0.000002968873,0.0000029918833,0.0000030177166,0.0000030568722,0.0000030967935,0.0000031140476,0.000003149715,0.0000031954407,0.0000032028352,0.0000032020255,0.0000032062496,0.0000032070782,0.0000032219932,0.0000032012972,0.0000031682414,0.0000031617449,0.0000031390614,0.0000031600512,0.0000031510297,0.0000031359903,0.000003105088,0.000003103002,0.000003094817,0.0000030921128,0.000003091701,0.0000030863573,0.000003073947,0.0000030573842,0.0000030404804,0.0000030409683,0.000003041864,0.0000030435308,0.0000030383292,0.0000030370713,0.00000301665,0.0000030164472,0.000003017562,0.0000030241386,0.0000030361207,0.0000030836115,0.000003131155,0.0000031740226,0.0000032266605,0.0000032410742,0.0000032627963,0.0000032852304,0.0000033098684,0.0000033784936,0.0000034234959,0.0000034778607,0.0000034716334,0.0000034906793,0.0000035037517,0.0000034980949,0.0000034965676,0.0000034958248,0.0000034856446,0.0000035119,0.0000035188805,0.0000035416995,0.0000035033352,0.0000035138785,0.0000034852735,0.0000034847967,0.0000035066753,0.0000035307876,0.0000035377407,0.0000035522914,0.0000035367168,0.0000035205387,0.0000035047033,0.0000034719887,